City_ID,City,Country,Lat,Lng,Max Temp,Humidity,Cloudiness,Wind Speed,Current Description
0,Grand Forks,US,47.9417,-97.4337,82.78,57,20,3.44,few clouds
1,Svetlaya,RU,46.5389,138.3297,63.7,93,100,8.23,overcast clouds
2,Basco,PH,20.4487,121.9702,83.77,75,7,11.83,clear sky
3,Ribeira Grande,PT,38.5167,-28.7,70.2,64,40,6.91,scattered clouds
4,Paris,FR,48.8534,2.3488,77.07,51,0,12.66,clear sky
5,Leningradskiy,RU,69.3833,178.4167,37.62,87,100,13.6,overcast clouds
6,Atuona,PF,-9.8,-139.0333,77.38,78,63,17.67,broken clouds
7,Avarua,CK,-21.2078,-159.775,75.25,53,75,5.75,broken clouds
8,Kibala,TD,9.1104,18.3463,80.55,69,20,3.44,few clouds
9,Butaritari,KI,3.0707,172.7902,82.13,78,17,17.36,light rain
10,Tari,NG,12.4086,4.4914,85.06,55,74,3.58,light rain
11,Lebu,CL,-37.6167,-73.65,50.7,77,3,7.49,clear sky
12,Chuy,UY,-33.6971,-53.4616,69.64,79,34,7.65,scattered clouds
13,Kodiak,US,57.79,-152.4072,55.89,71,66,8.1,broken clouds
14,Georgetown,MY,5.4112,100.3354,83.89,86,20,0.0,thunderstorm
15,Mataura,NZ,-46.1927,168.8643,32.49,94,63,3.31,broken clouds
16,Dhidhdhoo,MV,6.8833,73.1,81.41,81,100,15.93,overcast clouds
17,Aranos,NA,-24.1333,19.1167,47.39,41,0,10.56,clear sky
18,Bengkulu,ID,-3.8004,102.2655,74.28,89,99,3.47,overcast clouds
19,Jamestown,US,42.097,-79.2353,82.02,31,0,3.44,clear sky
20,Solnechnyy,RU,50.7214,136.6319,63.48,83,38,2.1,scattered clouds
21,Bluff,NZ,-46.6,168.3333,32.81,79,79,15.08,broken clouds
22,Grand-Santi,GF,4.25,-54.3833,76.8,94,100,3.51,overcast clouds
23,Portland,US,45.5234,-122.6762,78.87,54,91,4.0,overcast clouds
24,Bestobe,KZ,52.4994,73.0975,68.94,73,97,8.77,light rain
25,Nikolskoye,RU,59.7035,30.7861,62.49,98,26,3.06,scattered clouds
26,Vagay,RU,57.9375,69.0217,66.83,91,78,1.19,broken clouds
27,Port Alfred,ZA,-33.5906,26.891,60.28,75,98,14.63,light rain
28,Cape Town,ZA,-33.9258,18.4232,54.12,89,0,1.99,clear sky
29,Ancud,CL,-41.8697,-73.8203,47.23,88,95,8.66,light rain
30,Vaini,TO,-21.2,-175.2,73.56,88,40,8.05,scattered clouds
31,Luderitz,NA,-26.6481,15.1594,56.71,76,0,13.69,clear sky
32,Olafsvik,IS,64.8945,-23.7142,50.58,93,100,8.37,overcast clouds
33,Busselton,AU,-33.65,115.3333,55.13,63,98,2.13,overcast clouds
34,Port Keats,AU,-14.25,129.55,59.07,45,67,8.5,broken clouds
35,Khani,GE,41.9563,42.9566,62.17,92,22,0.43,few clouds
36,Albany,US,42.6001,-73.9662,81.68,36,78,1.01,broken clouds
37,Ponta Do Sol,PT,32.6667,-17.1,79.72,73,4,3.83,clear sky
38,Balkhash,KZ,46.844,74.9804,71.26,52,5,10.8,clear sky
39,Tromso,NO,69.6496,18.957,55.42,76,75,4.61,broken clouds
40,Kapaa,US,22.0752,-159.319,80.58,75,66,11.01,broken clouds
41,Watertown,US,42.3709,-71.1828,85.57,33,20,12.66,few clouds
42,Cherskiy,RU,68.75,161.3,51.93,56,100,8.03,overcast clouds
43,Visby,SE,57.6409,18.296,59.22,67,28,5.75,scattered clouds
44,Qaanaaq,GL,77.484,-69.3632,44.24,71,100,4.52,overcast clouds
45,Ilulissat,GL,69.2167,-51.1,38.97,83,47,4.56,scattered clouds
46,New Norfolk,AU,-42.7826,147.0587,49.5,76,100,3.0,overcast clouds
47,Torbay,CA,47.6666,-52.7314,68.88,56,40,29.93,scattered clouds
48,Punta Arenas,CL,-53.15,-70.9167,35.71,69,75,2.3,broken clouds
49,Pevek,RU,69.7008,170.3133,32.65,87,92,3.33,overcast clouds
50,Yellowknife,CA,62.456,-114.3525,72.12,60,75,6.91,broken clouds
51,Arroyo,ES,41.6096,-4.7969,87.84,16,0,6.91,clear sky
52,Saint George,US,37.1041,-113.5841,106.63,12,16,7.0,few clouds
53,Hilo,US,19.7297,-155.09,83.28,95,46,6.17,scattered clouds
54,Norman Wells,CA,65.282,-126.8329,73.44,46,75,6.91,smoke
55,Airai,TL,-8.9266,125.4092,55.06,91,77,3.62,broken clouds
56,Jinxiang,CN,27.4327,120.6062,79.7,92,80,10.16,broken clouds
57,Longavi,CL,-35.9667,-71.6833,49.53,80,88,6.04,overcast clouds
58,Yunyang,CN,33.4474,112.7142,72.07,88,99,10.25,overcast clouds
59,Shasta Lake,US,40.6804,-122.3708,97.74,16,0,2.95,clear sky
60,Lagoa,PT,39.05,-27.9833,68.23,70,16,6.04,few clouds
61,Alice Springs,AU,-23.7,133.8833,26.15,80,0,5.75,clear sky
62,Zhangjiakou,CN,40.81,114.8794,67.37,73,23,2.39,few clouds
63,Tongchuan,CN,35.0806,109.0897,73.31,88,72,7.81,broken clouds
64,Gemena,CD,3.25,19.7667,72.34,93,71,1.97,broken clouds
65,Cockburn Town,TC,21.4612,-71.1419,81.93,80,99,17.25,overcast clouds
66,Aksu,CN,41.1231,80.2644,72.9,39,74,2.3,broken clouds
67,Ushuaia,AR,-54.8,-68.3,33.46,69,75,8.05,broken clouds
68,Baykit,RU,61.67,96.37,48.4,95,0,4.76,clear sky
69,Saint-Philippe,RE,-21.3585,55.7679,63.99,74,45,14.85,scattered clouds
70,Ayagoz,KZ,47.9714,80.4392,63.01,55,13,7.83,few clouds
71,Rikitea,PF,-23.1203,-134.9692,72.7,79,24,5.44,few clouds
72,Hirara,JP,24.8,125.2833,84.63,74,15,12.53,few clouds
73,East London,ZA,-33.0153,27.9116,62.64,65,99,6.11,overcast clouds
74,Brae,GB,60.3964,-1.353,54.28,89,100,13.4,overcast clouds
75,Miles City,US,46.4083,-105.8406,86.23,26,26,18.72,scattered clouds
76,Faanui,PF,-16.4833,-151.75,78.57,73,91,19.13,light rain
77,Zhanakorgan,KZ,43.9098,67.2495,76.86,31,0,8.3,clear sky
78,Hermanus,ZA,-34.4187,19.2345,51.8,69,64,7.81,broken clouds
79,Manicore,BR,-5.8092,-61.3003,89.55,62,20,4.61,few clouds
80,Vila Franca Do Campo,PT,37.7167,-25.4333,71.2,72,35,6.15,scattered clouds
81,Maua,BR,-23.6678,-46.4614,77.29,43,97,1.83,overcast clouds
82,Zyryanka,RU,65.75,150.85,67.26,52,41,6.24,scattered clouds
83,Turnu Magurele,RO,43.75,24.8667,74.08,55,9,3.2,clear sky
84,Beringovskiy,RU,63.05,179.3167,45.34,87,100,16.89,light rain
85,Hobart,AU,-42.8794,147.3294,49.86,79,100,12.66,overcast clouds
86,Kavieng,PG,-2.5744,150.7967,81.14,78,54,11.7,light rain
87,Najran,SA,17.4924,44.1277,86.65,28,100,7.52,light rain
88,Pisco,PE,-13.7,-76.2167,66.25,68,0,11.5,clear sky
89,Victoria,HK,22.2855,114.1577,86.18,86,85,3.0,overcast clouds
90,Kaitangata,NZ,-46.2817,169.8464,37.9,86,58,6.13,broken clouds
91,Cao Bang,VN,22.6667,106.25,75.52,97,59,0.76,broken clouds
92,Khatanga,RU,71.9667,102.5,47.37,61,94,12.73,overcast clouds
93,Yulara,AU,-25.2406,130.9889,43.77,48,0,6.38,clear sky
94,Bambous Virieux,MU,-20.3428,57.7575,70.21,68,40,17.27,scattered clouds
95,Barrow,US,71.2906,-156.7887,51.24,64,29,3.85,scattered clouds
96,Nome,US,64.5011,-165.4064,68.16,63,100,7.02,overcast clouds
97,Mar Del Plata,AR,-38.0023,-57.5575,57.22,78,0,10.0,clear sky
98,Golyshmanovo,RU,56.3979,68.3728,68.32,83,92,7.29,overcast clouds
99,Chuguyevka,RU,44.1653,133.8633,64.99,98,100,1.97,light rain
100,Koulamoutou,GA,-1.1303,12.4736,77.88,62,55,2.89,broken clouds
101,Salalah,OM,17.0151,54.0924,77.05,96,100,8.23,light rain
102,Puerto Del Rosario,ES,28.5004,-13.8627,85.75,45,0,18.41,clear sky
103,Nantucket,US,41.2835,-70.0995,69.03,80,0,8.37,clear sky
104,Tasiilaq,GL,65.6145,-37.6368,40.05,79,43,2.48,scattered clouds
105,Santa Maria,BR,-29.6842,-53.8069,78.1,50,0,17.27,heavy intensity rain
106,Borgarnes,IS,64.5383,-21.9206,54.81,93,100,3.11,overcast clouds
107,Rio Gallegos,AR,-51.6226,-69.2181,30.25,74,0,3.44,clear sky
108,Bac Lieu,VN,9.285,105.7244,75.25,93,100,17.9,overcast clouds
109,Honningsvag,NO,70.9821,25.9704,51.55,87,75,5.75,broken clouds
110,Singkang,MY,2.1006,102.7994,74.61,97,100,0.78,overcast clouds
111,San Policarpo,PH,12.1791,125.5072,78.24,87,100,4.16,light rain
112,Makakilo City,US,21.3469,-158.0858,81.01,63,100,19.6,overcast clouds
113,Kavaratti,IN,10.5669,72.642,81.3,80,100,20.18,overcast clouds
114,Touros,BR,-5.1989,-35.4608,77.47,81,11,17.16,few clouds
115,Nioki,CD,-2.7167,17.6833,78.35,37,99,1.68,overcast clouds
116,Vizinga,RU,61.0749,50.1031,64.15,89,60,2.3,broken clouds
117,Upernavik,GL,72.7868,-56.1549,38.86,84,55,3.69,broken clouds
118,Miri,MY,4.4148,114.0089,75.34,83,20,10.36,few clouds
119,Carnarvon,AU,-24.8667,113.6333,60.13,64,0,18.32,clear sky
120,Nacala,MZ,-14.5428,40.6728,68.49,78,0,3.42,clear sky
121,Padang,ID,-0.9492,100.3543,76.26,86,100,3.89,light rain
122,Tuatapere,NZ,-46.1333,167.6833,33.64,93,89,4.43,overcast clouds
123,Iqaluit,CA,63.7506,-68.5145,49.73,71,20,3.44,few clouds
124,Wuning,CN,29.2589,120.2311,82.04,81,100,1.48,overcast clouds
125,Kilindoni,TZ,-7.9139,39.6668,76.21,71,3,14.94,clear sky
126,Odienne,CI,9.51,-7.5692,72.84,94,61,4.65,broken clouds
127,Adre,TD,13.4667,22.2,85.57,29,42,8.1,scattered clouds
128,Alofi,NU,-19.0595,-169.9187,75.09,83,85,16.11,overcast clouds
129,Matara,LK,5.9485,80.5353,78.51,86,100,15.37,light rain
130,Moissala,TD,8.3404,17.7663,73.4,84,100,2.33,overcast clouds
131,Tuktoyaktuk,CA,69.4541,-133.0374,50.0,93,100,5.75,mist
132,Pochutla,MX,15.7432,-96.4661,91.81,60,100,6.2,overcast clouds
133,Pangnirtung,CA,66.1451,-65.7125,50.0,81,20,10.36,few clouds
134,Cidreira,BR,-30.1811,-50.2056,64.87,84,100,8.93,moderate rain
135,Alakurtti,RU,66.9672,30.3491,57.33,97,37,3.04,light rain
136,Udomlya,RU,57.8794,34.9925,60.42,97,100,4.29,overcast clouds
137,Lafia,NG,8.4833,8.5167,77.58,83,99,4.23,overcast clouds
138,Longyearbyen,SJ,78.2186,15.6401,44.44,87,75,11.5,light rain
139,Manta,EC,-0.95,-80.7333,78.58,73,75,9.22,broken clouds
140,Jiaonan,CN,35.8786,119.9753,75.45,95,4,5.73,clear sky
141,Kotovo,RU,50.3211,44.8012,77.05,41,100,18.79,overcast clouds
142,Coolum Beach,AU,-26.5333,153.1,49.23,86,3,8.59,clear sky
143,Naron,ES,43.5167,-8.1528,71.6,82,25,1.81,scattered clouds
144,Arraial Do Cabo,BR,-22.9661,-42.0278,75.16,69,0,21.85,clear sky
145,Bredasdorp,ZA,-34.5322,20.0403,49.53,86,55,4.94,broken clouds
146,Puerto Ayora,EC,-0.7393,-90.3518,78.76,86,56,8.99,broken clouds
147,Eureka,US,40.8021,-124.1637,72.19,75,18,3.0,few clouds
148,Fomboni,KM,-12.28,43.7425,76.75,70,12,11.88,few clouds
149,Pandan,PH,14.0453,124.1694,80.62,84,89,4.52,overcast clouds
150,Sur,OM,22.5667,59.5289,83.28,79,100,18.28,overcast clouds
151,Aksha,RU,50.2814,113.2867,49.6,78,37,2.55,scattered clouds
152,Okha,RU,53.5739,142.9478,65.86,86,100,11.03,overcast clouds
153,Sao Joao Da Barra,BR,-21.6403,-41.0511,75.29,79,62,13.65,broken clouds
154,Kaputa,ZM,-8.4689,29.6619,67.21,47,5,2.06,clear sky
155,La Libertad,EC,-2.2333,-80.9,71.26,78,100,11.5,overcast clouds
156,Pinczow,PL,50.5205,20.5265,55.62,84,100,8.59,overcast clouds
157,Labuhan,ID,-6.8844,112.2051,75.72,86,16,6.44,few clouds
158,Klaksvik,FO,62.2266,-6.589,52.72,91,82,19.89,broken clouds
159,Minab,IR,27.1467,57.0801,89.92,74,100,2.3,overcast clouds
160,Ketchikan,US,55.3422,-131.6461,55.87,94,100,29.93,mist
161,Kondinskoye,RU,59.6481,67.41,68.61,81,38,6.44,light rain
162,Hofn,IS,64.2539,-15.2082,50.31,99,100,10.07,overcast clouds
163,Loralai,PK,30.3705,68.598,75.88,77,100,6.49,overcast clouds
164,Guerrero Negro,MX,27.9769,-114.0611,77.92,57,13,16.69,few clouds
165,Cabo San Lucas,MX,22.8909,-109.9124,97.61,60,15,11.56,few clouds
166,Shagonar,RU,51.5333,92.8,57.9,64,11,3.09,few clouds
167,Pangai,TO,-19.8,-174.35,77.11,83,20,13.8,few clouds
168,Shimoda,JP,34.6667,138.95,72.1,88,1,2.48,clear sky
169,Erenhot,CN,43.6475,111.9767,74.26,30,61,9.26,broken clouds
170,Puerto Escondido,MX,15.85,-97.0667,87.01,65,68,7.25,broken clouds
171,Calafell,ES,41.2,1.5683,82.42,76,0,5.48,clear sky
172,Aquiles Serdan,MX,17.7833,-92.2833,89.69,60,12,10.65,few clouds
173,Kieta,PG,-6.2167,155.6333,77.88,83,88,5.3,light rain
174,Kabo,CF,7.6994,18.629,74.82,79,100,2.64,overcast clouds
175,Maceio,BR,-9.6658,-35.7353,78.24,69,20,11.5,few clouds
176,Severo-Kurilsk,RU,50.6789,156.125,60.82,73,100,5.97,overcast clouds
177,Wasilla,US,61.5814,-149.4394,66.94,68,100,5.99,overcast clouds
178,Taltal,CL,-25.4,-70.4833,61.14,53,0,3.24,clear sky
179,Henties Bay,NA,-22.116,14.2845,55.17,88,0,9.31,clear sky
180,Laguna,US,38.421,-121.4238,96.35,31,0,8.05,clear sky
181,Villa Bisono,DO,19.5638,-70.8758,90.1,61,95,10.29,overcast clouds
182,Ormara,PK,25.2088,64.6357,82.6,85,54,9.84,broken clouds
183,Calatayud,ES,41.3535,-1.6432,82.72,29,0,7.02,clear sky
184,Tanout,NE,14.9709,8.8879,92.39,29,16,4.14,few clouds
185,Dikson,RU,73.5069,80.5464,37.87,90,100,4.0,overcast clouds
186,Husavik,IS,66.0449,-17.3389,54.61,88,100,3.69,overcast clouds
187,Dingle,PH,10.9995,122.6711,76.32,93,98,4.94,overcast clouds
188,Vardo,NO,70.3705,31.1107,51.78,93,100,4.61,overcast clouds
189,Ahipara,NZ,-35.1667,173.1667,56.34,91,100,7.74,overcast clouds
190,Saskylakh,RU,71.9167,114.0833,46.83,81,100,11.95,light rain
191,Eyl,SO,7.9803,49.8164,78.67,66,45,26.62,scattered clouds
192,Natal,BR,-5.795,-35.2094,84.42,70,75,18.41,broken clouds
193,Souillac,MU,-20.5167,57.5167,69.87,66,98,19.93,overcast clouds
194,Znamenskoye,RU,57.1281,73.8282,66.61,84,50,5.75,scattered clouds
195,Muskegon,US,43.3,-86.1334,84.54,42,0,5.75,clear sky
196,Oranjestad,AW,12.524,-70.027,80.71,86,95,23.02,overcast clouds
197,Moyale,KE,3.5167,39.0584,67.6,66,100,15.1,light rain
198,Weyburn,CA,49.6668,-103.8511,80.74,42,72,9.28,broken clouds
199,Jutai,BR,-5.1833,-68.9,81.32,79,61,4.41,broken clouds
200,Otane,NZ,-39.8833,176.6333,46.0,89,100,1.52,light rain
201,Passo De Camaragibe,BR,-9.2368,-35.4901,78.35,87,3,5.82,clear sky
202,Peniche,PT,39.3558,-9.3811,72.28,83,0,13.98,clear sky
203,Hami,CN,42.8,93.45,83.32,18,100,8.9,overcast clouds
204,Springdale,US,36.1867,-94.1288,92.5,50,0,6.91,clear sky
205,Burrel,AL,41.6103,20.0089,64.71,65,16,7.07,few clouds
206,Weligama,LK,5.9667,80.4167,78.35,87,100,15.79,light rain
207,Sandpoint,US,48.2766,-116.5533,76.86,45,40,10.36,scattered clouds
208,Codrington,AU,-38.2667,141.9667,48.88,65,100,17.43,overcast clouds
209,Rio Claro,BR,-22.4114,-47.5614,76.08,38,7,3.96,clear sky
210,Saryozek,KZ,44.3583,77.9753,66.7,37,39,2.59,scattered clouds
211,Mahajanga,MG,-15.7167,46.3167,73.24,55,0,20.13,clear sky
212,Kutum,SD,14.2,24.6667,87.84,20,98,5.1,overcast clouds
213,Yarensk,RU,62.1675,49.0916,64.42,73,56,4.63,broken clouds
214,Lazarev,RU,52.225,141.5131,57.45,96,100,15.97,overcast clouds
215,Yatou,CN,37.15,122.3833,72.84,92,77,4.16,broken clouds
216,Leh,IN,34.1667,77.5833,66.2,49,25,6.67,scattered clouds
217,Muros,ES,42.7762,-9.0603,65.08,90,33,5.97,scattered clouds
218,Wum,CM,6.3833,10.0667,65.66,94,95,1.21,light rain
219,Encruzilhada Do Sul,BR,-30.5439,-52.5219,65.8,86,100,5.19,overcast clouds
220,Hervey Bay,AU,-25.2986,152.8535,55.18,83,2,14.12,clear sky
221,Saint-Francois,FR,46.4154,3.9054,72.84,49,0,3.44,clear sky
222,Batemans Bay,AU,-35.7167,150.1833,50.09,86,93,5.1,overcast clouds
223,Upata,VE,8.0086,-62.3989,77.2,84,100,4.72,overcast clouds
224,Kassala,SD,15.451,36.4,83.93,58,96,8.14,overcast clouds
225,Takhli,TH,15.2634,100.3438,80.74,85,100,4.14,overcast clouds
226,Srednekolymsk,RU,67.45,153.6833,62.62,49,43,16.26,scattered clouds
227,Skjervoy,NO,70.0311,20.9714,57.2,87,51,4.74,broken clouds
228,Gat,IL,31.61,34.7642,79.81,100,12,5.14,few clouds
229,Adrar,MR,20.5022,-10.0711,102.7,7,0,10.29,clear sky
230,Kahului,US,20.8947,-156.47,82.98,78,16,13.0,few clouds
231,Sorland,NO,67.667,12.6934,55.26,84,13,7.49,few clouds
232,Namibe,AO,-15.1961,12.1522,63.66,87,2,2.3,clear sky
233,Marsa Matruh,EG,31.3525,27.2453,77.2,68,2,10.27,clear sky
234,Gladstone,AU,-23.85,151.25,48.78,66,0,8.05,clear sky
235,Olinda,BR,-8.0089,-34.8553,78.53,69,40,13.8,scattered clouds
236,Salinas,US,36.6777,-121.6555,94.01,62,0,14.97,clear sky
237,Doha,QA,25.2867,51.5333,91.38,70,81,6.91,broken clouds
238,Frogner,NO,60.0167,11.1,63.68,45,0,3.44,clear sky
239,Esso,RU,55.9333,158.7,72.86,66,0,1.19,clear sky
240,Bokoro,TD,12.3807,17.0568,86.13,49,94,10.98,overcast clouds
241,Ostrovnoy,RU,68.0531,39.5131,53.8,76,23,13.67,few clouds
242,Ziro,IN,27.6333,93.8333,59.09,96,77,1.83,broken clouds
243,Marzuq,YE,14.4,46.4667,78.58,36,100,6.58,overcast clouds
244,Port-Gentil,GA,-0.7193,8.7815,71.56,88,20,10.36,mist
245,Phuntsholing,BT,26.8516,89.3884,76.53,83,11,5.84,few clouds
246,Limin Khersonisou,GR,35.3162,25.3928,78.04,73,20,12.66,few clouds
247,Leshukonskoye,RU,64.8989,45.7622,63.59,62,100,5.3,overcast clouds
248,Te Anau,NZ,-45.4167,167.7167,29.59,94,99,0.83,overcast clouds
249,San Patricio,US,28.017,-97.5169,102.29,29,7,9.71,clear sky
250,Loandjili,CG,-4.7561,11.8578,70.5,83,79,5.48,broken clouds
251,Bijeljina,BA,44.7569,19.2161,67.8,48,52,8.21,broken clouds
252,Montepuez,MZ,-13.1256,38.9997,61.84,85,13,5.14,few clouds
253,Grindavik,IS,63.8424,-22.4338,52.27,93,100,14.97,overcast clouds
254,Gannan,CN,47.9147,123.5031,62.02,94,33,6.24,scattered clouds
255,Nabire,ID,-3.3667,135.4833,74.48,93,79,3.53,broken clouds
256,Hithadhoo,MV,-0.6,73.0833,82.47,70,100,2.77,overcast clouds
257,Araouane,ML,18.9048,-3.5265,102.31,12,17,0.04,few clouds
258,Kruisfontein,ZA,-34.0033,24.7314,51.89,89,48,9.73,scattered clouds
259,Ulladulla,AU,-35.35,150.4667,49.93,86,73,6.76,broken clouds
260,Busing,PH,13.1514,122.9714,82.49,79,71,6.17,broken clouds
261,Mamontovo,RU,52.7055,81.6244,63.25,75,5,7.76,clear sky
262,Mahebourg,MU,-20.4081,57.7,70.25,68,40,17.27,scattered clouds
263,Narsaq,GL,60.9167,-46.05,57.42,76,10,7.76,clear sky
264,Pali,IN,25.7667,73.3333,85.24,69,99,7.02,overcast clouds
265,Idritsa,RU,56.3316,28.8988,55.18,89,30,1.63,scattered clouds
266,Menongue,AO,-14.6585,17.691,55.69,43,1,3.15,clear sky
267,Nakambala,ZM,-15.8324,27.7799,60.53,49,0,7.29,clear sky
268,Copacabana,CO,6.3463,-75.5089,74.23,75,78,4.21,broken clouds
269,Parana,AR,-31.732,-60.5238,73.99,57,0,10.45,clear sky
270,Begoro,GH,6.3871,-0.3774,69.04,96,100,4.36,overcast clouds
271,Blagoveshchenka,RU,52.8333,79.8667,64.8,78,10,8.28,clear sky
272,Jacksonville,US,30.3322,-81.6556,88.11,83,0,6.91,clear sky
273,Ngunguru,NZ,-35.6167,174.5,59.92,71,100,9.53,light rain
274,Constitucion,CL,-35.3333,-72.4167,52.99,70,23,1.61,few clouds
275,Tiksi,RU,71.6872,128.8694,53.2,62,6,6.76,clear sky
276,Seoul,KR,37.5683,126.9778,74.77,88,100,5.75,overcast clouds
277,Sao Filipe,CV,14.8961,-24.4956,73.98,84,28,6.76,scattered clouds
278,Camacha,PT,33.0833,-16.3333,65.62,83,75,20.71,broken clouds
279,Sangerhausen,DE,51.4667,11.3,59.04,76,8,7.76,clear sky
280,Hasaki,JP,35.7333,140.8333,75.6,93,0,2.08,clear sky
281,Toowoomba,AU,-27.55,151.9667,41.25,79,0,3.36,clear sky
282,Kawalu,ID,-7.3817,108.2082,69.87,95,83,1.48,broken clouds
283,Castro,BR,-24.7911,-50.0119,65.57,66,6,5.12,clear sky
284,Manaus,BR,-3.1019,-60.025,90.1,58,40,8.05,scattered clouds
285,Korla,CN,41.7597,86.1469,79.39,22,34,4.36,scattered clouds
286,Anloga,GH,5.7947,0.8973,77.29,84,95,13.29,overcast clouds
287,Chapais,CA,49.7834,-74.8492,78.62,23,95,12.97,overcast clouds
288,Royan,FR,45.6285,-1.0281,79.84,36,0,14.94,clear sky
289,Thompson,CA,55.7435,-97.8558,77.16,57,40,3.44,scattered clouds
290,Naze,JP,28.3667,129.4833,78.24,90,7,5.75,clear sky
291,Olenegorsk,RU,68.15,33.3,57.33,94,100,3.31,overcast clouds
292,Inta,RU,66.0317,60.1659,57.58,66,62,6.91,broken clouds
293,Havelock,US,34.8791,-76.9013,80.55,93,99,1.01,overcast clouds
294,Pizhanka,RU,57.4604,48.542,65.82,89,98,6.4,overcast clouds
295,Batagay-Alyta,RU,67.8006,130.4114,56.64,74,98,1.14,overcast clouds
296,Kirkwall,GB,58.9848,-2.9587,59.05,77,40,3.44,scattered clouds
297,Port Elizabeth,ZA,-33.918,25.5701,54.1,92,30,3.0,scattered clouds
298,Pokaran,IN,26.9167,71.9167,87.91,64,100,13.06,overcast clouds
299,Curaca,BR,-8.9903,-39.9094,81.68,42,91,15.14,overcast clouds
300,Faya,SA,18.3851,42.4509,66.88,50,77,1.12,broken clouds
301,Siderno,IT,38.2779,16.302,71.33,70,0,7.27,clear sky
302,Atambua,ID,-9.1061,124.8925,69.13,86,63,7.07,broken clouds
303,Dekar,BW,-21.5333,21.9333,57.97,36,2,12.55,clear sky
304,Bukama,CD,-9.2,25.85,71.71,37,2,2.28,clear sky
305,Mhlambanyatsi,SZ,-26.45,31.0167,52.12,46,0,6.87,clear sky
306,Springfield,US,37.2153,-93.2982,91.85,48,0,8.05,clear sky
307,Acapulco,MX,16.8634,-99.8901,87.57,64,17,7.96,few clouds
308,Tahlequah,US,35.9154,-94.97,96.08,29,0,6.71,clear sky
309,Milyutinskaya,RU,48.6279,41.6679,83.32,26,90,15.23,overcast clouds
310,Nadym,RU,65.5333,72.5167,54.01,79,7,9.33,clear sky
311,Hovd,MN,48.0056,91.6419,58.21,53,8,5.19,light rain
312,Burayevo,RU,55.8407,55.4083,63.25,85,19,5.37,few clouds
313,Manaure,CO,11.7751,-72.4445,90.72,51,100,18.03,overcast clouds
314,Provideniya,RU,64.3833,-173.3,49.62,88,100,5.03,overcast clouds
315,Bireun,ID,5.203,96.7009,80.47,69,100,5.06,overcast clouds
316,Opunake,NZ,-39.4556,173.8583,57.11,86,100,10.67,light rain
317,Igrim,RU,63.1906,64.4162,59.79,67,18,4.76,few clouds
318,Vostok,RU,46.4856,135.8833,60.85,94,98,2.8,overcast clouds
319,Gloversville,US,43.0528,-74.3438,81.41,52,0,3.44,clear sky
320,Bonavista,CA,48.6499,-53.1147,60.28,68,84,14.97,broken clouds
321,Hamilton,US,39.1834,-84.5333,88.5,53,0,4.0,clear sky
322,Byron Bay,AU,-28.65,153.6167,51.94,83,61,13.38,light rain
323,Sawtell,AU,-30.3833,153.1,57.18,82,75,14.97,broken clouds
324,Diffa,NE,13.3154,12.6113,88.5,42,83,10.65,broken clouds
325,Cabedelo,BR,-6.9811,-34.8339,77.56,79,13,16.06,few clouds
326,Flinders,AU,-34.5833,150.8552,53.19,88,61,5.01,broken clouds
327,Vila Velha,BR,-20.3297,-40.2925,72.95,85,70,9.22,broken clouds
328,Dandong,CN,40.1292,124.3947,67.26,96,61,4.09,broken clouds
329,Nouadhibou,MR,20.931,-17.0347,68.49,91,4,15.9,clear sky
330,Bethel,US,41.3712,-73.414,84.04,42,0,5.75,clear sky
331,Koungou,YT,-12.7336,45.2042,71.31,73,0,4.61,clear sky
332,Prince Rupert,CA,54.3161,-130.3201,55.49,88,100,17.27,light rain
333,Mount Isa,AU,-20.7333,139.5,44.37,65,0,5.75,clear sky
334,Taylorville,US,39.5489,-89.2945,83.79,57,75,0.0,broken clouds
335,Gold Coast,AU,-28.0,153.4333,55.47,87,40,9.22,scattered clouds
336,Gorin,RU,51.1983,136.6669,64.13,95,42,2.75,scattered clouds
337,Monywa,MM,22.1167,95.1333,84.4,64,86,10.89,overcast clouds
338,Jining,CN,35.405,116.5814,73.6,89,2,6.6,clear sky
339,Fortuna,US,40.5982,-124.1573,70.93,75,20,4.0,few clouds
340,Laramie,US,41.3114,-105.5911,88.18,18,40,18.41,scattered clouds
341,Mountain Home,US,43.133,-115.6912,85.48,20,0,19.57,clear sky
342,Manavalakurichi,IN,8.1333,77.3,79.3,80,100,17.22,overcast clouds
343,Spanish Town,JM,17.9911,-76.9574,93.7,65,20,23.02,few clouds
344,Batsfjord,NO,70.6345,29.7185,56.98,76,0,5.75,clear sky
345,Nhulunbuy,AU,-12.2333,136.7667,68.61,83,78,5.75,broken clouds
346,Saint-Ambroise,CA,48.5501,-71.3324,81.57,32,61,6.58,broken clouds
347,Mount Gambier,AU,-37.8333,140.7667,48.16,60,100,11.99,overcast clouds
348,Lata,PT,40.1629,-8.3327,67.82,58,1,4.34,clear sky
349,Zuwarah,LY,32.9312,12.082,76.66,67,0,8.79,clear sky
350,Rodrigues Alves,BR,-7.738,-72.6509,83.23,63,100,2.06,overcast clouds
351,Almeirim,BR,-1.5233,-52.5817,81.97,80,43,2.44,scattered clouds
352,Port Lincoln,AU,-34.7333,135.8667,53.53,50,94,15.12,overcast clouds
353,Atyrau,KZ,47.1167,51.8833,78.82,25,0,6.71,clear sky
354,Balkanabat,TM,39.5108,54.3671,89.53,17,0,13.51,clear sky
355,Colquechaca,BO,-18.6667,-66.0167,46.47,23,73,16.17,broken clouds
356,Panara,IN,22.0667,78.55,73.49,92,100,9.93,moderate rain
357,Teacapan,MX,22.55,-105.75,88.93,58,0,11.01,clear sky
358,Mto Wa Mbu,TZ,-3.35,35.85,65.03,65,40,3.31,scattered clouds
359,Nuevo Laredo,MX,27.4763,-99.5164,104.27,23,6,3.49,clear sky
360,Chumikan,RU,54.7183,135.315,51.58,100,100,3.47,overcast clouds
361,Gilbues,BR,-9.8317,-45.3439,87.89,26,5,8.86,clear sky
362,Jennings,US,38.7192,-90.2604,89.62,54,40,1.01,scattered clouds
363,Nanortalik,GL,60.1432,-45.2371,43.09,85,63,5.08,broken clouds
364,Mulanje,MW,-16.0316,35.5,61.43,77,61,4.47,broken clouds
365,Ercis,TR,39.0287,43.3586,68.92,40,0,3.13,clear sky
366,Port Blair,IN,11.6667,92.75,81.63,84,100,20.15,heavy intensity rain
367,Geraldton,AU,-28.7667,114.6,46.81,93,33,3.44,scattered clouds
368,San Mateo Ixtatan,GT,15.8319,-91.4781,62.76,64,15,6.08,few clouds
369,Bosaso,SO,11.2842,49.1816,89.64,39,21,26.64,light rain
370,Cienfuegos,CU,22.1461,-80.4356,85.5,67,86,7.54,overcast clouds
371,Ucluelet,CA,48.9329,-125.5528,61.11,92,100,5.79,overcast clouds
372,Caetes,BR,-8.7731,-36.6225,65.32,86,39,9.57,scattered clouds
373,Cabra,ES,37.4725,-4.4421,82.9,29,0,9.48,clear sky
374,Biloela,AU,-24.4167,150.5,43.88,78,0,6.29,clear sky
375,Noumea,NC,-22.2763,166.4572,75.99,99,51,5.01,light rain
376,Barabinsk,RU,55.3571,78.357,66.97,85,22,3.94,few clouds
377,Nova Odesa,UA,47.3078,31.7851,72.84,50,97,15.66,overcast clouds
378,Shenkursk,RU,62.1091,42.896,62.78,94,70,4.92,light rain
379,Sitka,US,57.0531,-135.33,54.81,91,100,7.43,moderate rain
380,Ayan,RU,56.45,138.1667,56.82,97,100,12.88,overcast clouds
381,Quepos,CR,9.4236,-84.1652,79.18,85,87,2.57,overcast clouds
382,Zeya,RU,53.75,127.2667,57.07,99,48,4.9,scattered clouds
383,Ayorou,NE,14.7308,0.9174,90.54,45,82,15.46,broken clouds
384,Esperance,AU,-33.8667,121.9,54.81,76,80,8.72,broken clouds
385,Constantine,DZ,36.365,6.6147,74.61,56,0,5.75,clear sky
386,Dunedin,NZ,-45.8742,170.5036,38.8,77,70,8.08,broken clouds
387,Burnie,AU,-41.0667,145.9167,51.94,70,100,13.38,overcast clouds
388,Veraval,IN,20.9,70.3667,81.93,83,99,20.51,overcast clouds
389,Jaque,PA,7.5175,-78.1703,80.62,86,97,7.7,moderate rain
390,Mecca,SA,21.4267,39.8261,90.79,19,63,3.47,broken clouds
391,Tayoltita,MX,24.0833,-105.9333,84.27,59,68,5.44,broken clouds
392,Vao,NC,-22.6667,167.4833,76.15,80,34,22.19,scattered clouds
393,Yenagoa,NG,4.9247,6.2642,74.14,90,100,5.01,overcast clouds
394,Tignere,CM,7.3667,12.65,64.4,96,100,2.53,overcast clouds
395,Auki,SB,-8.7676,160.7034,76.44,85,73,3.4,broken clouds
396,Maposeni,TZ,-10.5833,35.4,61.07,65,67,3.27,broken clouds
397,Emirdag,TR,39.0197,31.15,59.04,82,14,6.17,few clouds
398,Winneba,GH,5.3511,-0.6231,75.11,87,87,9.06,overcast clouds
399,Xinzhi,CN,36.4989,111.7047,75.49,76,77,3.83,broken clouds
400,Rocha,UY,-34.4833,-54.3333,72.86,73,93,6.85,overcast clouds
401,Starkville,US,33.4504,-88.8184,88.66,66,100,8.05,overcast clouds
402,Lazaro Cardenas,MX,17.9583,-102.2,87.87,60,39,9.73,scattered clouds
403,Shawnee,US,39.05,-95.7669,93.29,54,0,12.66,clear sky
404,Buala,SB,-8.145,159.5921,78.96,81,100,4.29,overcast clouds
405,Ajdabiya,LY,30.7554,20.2263,79.23,53,0,18.59,clear sky
406,Marawi,PH,7.9986,124.2928,69.66,88,98,5.39,overcast clouds
407,Saint-Louis,SN,16.3333,-15.0,90.91,41,17,16.75,few clouds
408,Ahuimanu,US,21.4447,-157.8378,85.71,68,75,17.27,broken clouds
409,Puerto Quijarro,BO,-17.7833,-57.7667,96.37,22,6,8.63,clear sky
410,Waipawa,NZ,-41.4122,175.5153,45.75,70,100,5.88,light rain
411,Port Hedland,AU,-20.3167,118.5667,51.85,62,5,6.91,clear sky
412,Namatanai,PG,-3.6667,152.4333,78.08,78,53,6.17,broken clouds
413,Deputatskiy,RU,69.3,139.9,57.18,63,100,2.08,overcast clouds
414,Gunjur,GM,13.2019,-16.7339,79.59,80,4,11.97,clear sky
415,Ahraura,IN,25.0167,83.0167,88.95,56,22,5.77,few clouds
416,Mercedes,AR,-34.6515,-59.4307,63.03,83,100,14.2,overcast clouds
417,Mareeba,AU,-17.0,145.4333,57.92,86,6,2.84,clear sky
418,Ecija,ES,37.5422,-5.0826,96.58,25,0,13.62,clear sky
419,Half Moon Bay,US,37.4636,-122.4286,92.05,65,0,6.91,clear sky
420,Susangerd,IR,31.5608,48.1831,102.69,13,0,17.52,clear sky
421,Beloha,MG,-25.1667,45.05,65.62,61,0,7.76,clear sky
422,Progreso,MX,21.2833,-89.6667,95.11,58,46,14.45,scattered clouds
423,Newport,GB,51.5877,-2.9984,73.51,62,69,2.64,broken clouds
424,Maniitsoq,GL,65.4167,-52.9,41.58,87,93,15.37,overcast clouds
425,Kiunga,PG,-6.1219,141.2906,73.18,100,100,1.95,moderate rain
426,Lithgow,AU,-33.4833,150.15,36.9,99,50,2.28,scattered clouds
427,Sri Aman,MY,1.2376,111.4621,72.77,93,95,0.31,overcast clouds
428,Sumbe,AO,-11.2061,13.8437,68.31,90,3,6.82,clear sky
429,Whithorn,JM,18.2604,-78.0378,85.44,59,99,4.43,overcast clouds
430,College,US,64.8569,-147.8028,66.15,87,75,3.44,light rain
431,Caravelas,BR,-17.7125,-39.2481,73.06,74,6,4.85,clear sky
432,Puerto Ayacucho,VE,5.6639,-67.6236,83.73,77,69,2.04,broken clouds
433,Isangel,VU,-19.55,169.2667,76.75,87,10,8.81,clear sky
434,Sao Raimundo Nonato,BR,-9.0153,-42.6994,82.38,41,55,8.5,broken clouds
435,Clarence Town,AU,-32.5833,151.7833,52.86,96,76,2.57,broken clouds
436,Derzhavinsk,KZ,51.1,66.3167,66.13,75,75,10.54,broken clouds
437,Mathathane,BW,-22.2687,28.7495,62.91,46,0,7.02,clear sky
438,Haines Junction,CA,60.7522,-137.5108,69.06,37,98,2.26,overcast clouds
439,Qaqortoq,GL,60.7167,-46.0333,44.06,83,26,6.62,scattered clouds
440,Talnakh,RU,69.4865,88.3972,48.09,60,26,6.26,scattered clouds
441,Pimentel,PE,-6.8367,-79.9342,68.29,68,75,8.05,broken clouds
442,Oulainen,FI,64.2667,24.8,54.75,95,100,3.83,overcast clouds
443,Coahuayana,MX,18.7333,-103.6833,91.9,53,67,7.49,broken clouds
444,Lavrentiya,RU,65.5833,-171.0,48.99,84,100,5.75,overcast clouds
445,Hals,DK,56.9961,10.3081,57.16,72,100,9.46,overcast clouds
446,Kamina,CD,-8.7386,24.9906,62.11,43,0,3.42,clear sky
447,Greensboro,US,36.0726,-79.792,67.57,83,100,16.11,light rain
448,Aykhal,RU,66.0,111.5,60.12,52,100,5.91,overcast clouds
449,Bonga,ET,7.2833,36.2333,59.52,99,100,1.5,light rain
450,Chokurdakh,RU,70.6333,147.9167,62.37,48,97,11.18,overcast clouds
451,Ternate,ID,0.8,127.4,79.52,80,91,4.88,overcast clouds
452,Ca Mau,VN,9.1769,105.15,75.22,91,100,13.18,overcast clouds
453,Lasa,IT,46.6166,10.7002,65.35,76,4,6.24,clear sky
454,Hazorasp,UZ,41.3194,61.0742,73.24,29,0,15.41,clear sky
455,Mazatlan,MX,23.2167,-106.4167,93.16,61,20,11.5,few clouds
456,Coruripe,BR,-10.1256,-36.1756,74.12,85,21,12.59,few clouds
457,Bathsheba,BB,13.2167,-59.5167,86.61,84,20,20.71,few clouds
458,Thinadhoo,MV,0.5333,72.9333,82.71,75,100,7.43,overcast clouds
459,Vila,PT,42.0304,-8.1588,59.88,60,4,1.83,clear sky
460,Sakakah,SA,29.9697,40.2064,87.93,16,0,11.65,clear sky
461,Igarka,RU,67.4667,86.5833,45.9,68,100,7.76,overcast clouds
462,Humboldt,US,40.6665,-123.9178,62.13,44,2,7.45,clear sky
463,Talaya,RU,61.3833,152.75,71.44,62,4,7.72,clear sky
464,Toppenish,US,46.3774,-120.3087,86.34,22,75,2.42,broken clouds
465,Barra Do Garcas,BR,-15.89,-52.2567,88.65,21,5,6.04,clear sky
466,Santa Cruz,BO,-17.8,-63.1667,87.85,42,75,28.77,broken clouds
467,Samarai,PG,-10.6167,150.6667,80.92,73,35,11.5,scattered clouds
468,Malgrat De Mar,ES,41.6466,2.7414,81.23,62,0,5.01,clear sky
469,Contai,IN,21.7786,87.7536,83.16,82,36,7.29,scattered clouds
470,Vangaindrano,MG,-23.35,47.6,63.97,86,9,3.98,clear sky
471,Kharela,IN,25.55,79.8167,94.66,39,22,8.05,few clouds
472,Umea,SE,63.8284,20.2597,58.93,94,20,1.14,few clouds
473,Gizo,SB,-8.103,156.8419,80.15,71,86,2.59,overcast clouds
474,Fandriana,MG,-20.2333,47.3833,51.6,93,96,6.04,overcast clouds
475,Nushki,PK,29.5542,66.0215,86.38,49,95,8.66,overcast clouds
476,Manoel Urbano,BR,-8.8389,-69.2597,84.9,59,98,3.11,overcast clouds
477,Pacific Grove,US,36.6177,-121.9166,78.82,84,20,9.22,few clouds
478,Soyo,AO,-6.1349,12.3689,71.31,87,22,6.53,few clouds
479,Camalu,MX,30.85,-116.0667,78.03,56,14,13.06,few clouds
480,Port Hardy,CA,50.6996,-127.4199,59.38,91,100,10.71,overcast clouds
481,Puri,IN,19.8,85.85,81.12,83,100,3.56,overcast clouds
482,Eyemouth,GB,55.8713,-2.0901,70.83,86,8,8.61,clear sky
483,Papetoai,PF,-17.4961,-149.8729,80.19,73,76,17.72,light rain
484,Hambantota,LK,6.1241,81.1185,80.56,79,100,20.62,light rain
485,Luang Prabang,LA,19.8856,102.1347,73.18,99,92,0.54,overcast clouds
486,Lamar,US,33.6668,-95.5836,103.98,43,40,5.75,scattered clouds
487,Tigil,RU,57.8,158.6667,69.33,73,0,2.01,clear sky
488,Namwala,ZM,-15.7504,26.4384,61.83,49,2,6.8,clear sky
489,Flin Flon,CA,54.7682,-101.865,81.23,29,73,7.45,broken clouds
490,Wagar,SD,16.1525,36.2032,85.32,54,100,16.02,overcast clouds
491,Diego De Almagro,CL,-26.3667,-70.05,60.96,29,0,12.33,clear sky
492,Petropavlovsk-Kamchatskiy,RU,53.0452,158.6483,68.59,88,75,4.47,broken clouds
493,Barreiras,BR,-12.1528,-44.99,85.93,22,0,6.85,clear sky
494,Khammam,IN,17.25,80.15,74.5,87,100,15.99,overcast clouds
495,Santa Fe,AR,-31.6333,-60.7,73.38,59,0,11.54,clear sky
496,Naantali,FI,60.4674,22.0243,63.1,72,0,4.61,clear sky
497,Qandala,SO,11.472,49.8728,88.66,45,19,17.92,few clouds
498,Shihezi,CN,44.3,86.0333,76.93,31,100,7.27,overcast clouds
499,Fare,PF,-16.7,-151.0167,78.33,75,70,19.51,light rain
500,Los Llanos De Aridane,ES,28.6585,-17.9182,69.55,83,0,17.27,clear sky
501,Payakumbuh,ID,-0.2202,100.6308,67.77,97,96,2.77,overcast clouds
502,Regina,CA,50.4501,-104.6178,80.04,47,75,13.8,broken clouds
503,Mineral Wells,US,32.8085,-98.1128,104.34,29,0,13.8,clear sky
504,Mandera,KE,3.9366,41.867,78.33,59,100,18.41,overcast clouds
505,Ostersund,SE,63.1792,14.6357,54.61,82,40,14.97,scattered clouds
506,Kumeny,RU,58.1089,49.9161,63.99,91,15,5.14,few clouds
507,Uzunovo,RU,54.5386,38.6173,69.66,81,62,9.17,broken clouds
508,North Platte,US,41.1239,-100.7654,103.12,32,0,12.66,clear sky
509,Saldanha,ZA,-33.0117,17.9442,55.85,78,35,8.1,scattered clouds
510,Waddan,LY,29.1614,16.139,85.59,33,0,16.73,clear sky
511,Dakar,SN,14.6937,-17.4441,83.28,82,27,10.74,scattered clouds
512,Snyder,US,32.7179,-100.9176,101.32,17,0,9.22,clear sky
513,Anjozorobe,MG,-18.4,47.8667,52.36,89,100,9.4,overcast clouds
514,Merauke,ID,-8.4667,140.3333,76.24,90,100,11.52,overcast clouds
515,Vanderhoof,CA,54.0166,-124.0198,62.33,57,100,6.91,overcast clouds
516,Cayenne,GF,4.9333,-52.3333,83.08,1,0,3.44,clear sky
517,Foz,ES,43.5692,-7.2544,65.68,95,0,3.06,clear sky
518,Alyangula,AU,-13.8483,136.4192,66.96,69,37,13.13,scattered clouds
519,Katsuura,JP,35.1333,140.3,74.32,94,7,2.77,clear sky
520,San Jeronimo,PE,-11.9472,-75.2829,64.89,28,50,0.74,scattered clouds
521,Homer,US,59.6425,-151.5483,57.09,73,75,3.44,broken clouds
522,Porosozero,RU,62.7191,32.727,58.8,97,100,1.92,light rain
523,Chontalpa,MX,17.7,-93.5167,87.71,63,76,6.4,broken clouds
524,Perpignan,FR,42.75,2.75,82.04,26,0,0.0,clear sky
525,Kazincbarcika,HU,48.25,20.6333,59.09,65,92,3.8,light rain
526,Sola,VU,-13.8833,167.55,81.37,73,12,13.96,few clouds
527,Kitimat,CA,54.0524,-128.6534,54.91,25,100,4.9,light rain
528,Ohringen,DE,49.2017,9.5039,64.54,75,4,6.04,clear sky
529,Poum,NC,-20.2333,164.0167,77.16,84,0,12.48,clear sky
530,Mindif,CM,10.3976,14.4363,77.2,75,100,1.01,moderate rain
531,Karlskoga,SE,59.3267,14.5239,59.72,78,64,5.77,broken clouds
532,Tutayev,RU,57.8853,39.5406,63.1,96,91,9.73,moderate rain
533,San Quintin,MX,30.4833,-115.95,74.97,65,6,15.52,clear sky
534,Wanning,CN,18.8003,110.3967,80.1,92,100,8.39,overcast clouds
535,Piracicaba,BR,-22.7253,-47.6492,77.45,36,30,4.9,scattered clouds
536,Aldan,RU,58.6031,125.3894,57.06,97,100,0.6,light rain
537,Erdenet,MN,49.0333,104.0833,50.0,97,100,6.24,overcast clouds
538,Aksarka,RU,66.5606,67.7975,51.04,91,7,6.31,clear sky
539,Terrenate,MX,19.4833,-97.9167,69.84,37,38,4.23,scattered clouds
540,Palasa,IN,18.7667,84.4167,79.75,89,59,2.44,broken clouds
541,Imeni Babushkina,RU,59.7573,43.1285,70.16,75,100,5.17,overcast clouds
542,Arman,RU,59.7,150.1667,61.95,72,64,2.64,broken clouds
543,Comodoro Rivadavia,AR,-45.8667,-67.5,35.46,75,40,12.66,scattered clouds
544,Pundaguitan,PH,6.3711,126.1689,83.25,73,92,7.05,overcast clouds
545,Kirakira,SB,-10.4544,161.9205,78.57,81,26,3.06,scattered clouds
546,Tocopilla,CL,-22.092,-70.1979,64.17,67,100,5.86,overcast clouds
547,Olga,RU,43.7444,135.2892,61.63,95,100,4.36,overcast clouds
548,Altay,CN,47.8667,88.1167,59.23,62,14,6.51,few clouds
549,Orumiyeh,IR,37.5527,45.0761,73.47,32,0,1.86,clear sky
550,Baker City,US,44.7749,-117.8344,75.6,38,0,11.5,clear sky
551,Knyaze-Volkonskoye,RU,48.4642,135.4567,68.29,92,55,4.05,broken clouds
552,Alihe,CN,50.5667,123.7167,53.98,92,16,0.63,few clouds
553,Macamic,CA,48.7502,-78.9996,76.21,48,71,10.16,broken clouds
554,Tortoli,IT,39.9256,9.6572,73.31,60,0,2.95,clear sky
555,Gushikawa,JP,26.3544,127.8686,81.99,89,0,5.75,clear sky
556,Nemuro,JP,43.3236,145.575,59.11,100,100,9.64,overcast clouds
557,Agadez,NE,19.75,10.25,92.08,16,15,4.52,few clouds
558,Oistins,BB,13.0667,-59.5333,86.09,70,20,20.71,few clouds
559,Khorol,UA,49.7837,33.2783,63.59,90,99,12.15,moderate rain
560,Beihai,CN,21.4833,109.1,83.21,82,44,14.12,scattered clouds
561,Presidencia Roque Saenz Pena,AR,-26.7852,-60.4388,88.27,34,100,8.79,overcast clouds
562,Saint-Gilles,FR,43.6766,4.4302,83.35,30,0,8.05,clear sky
563,Ust-Nera,RU,64.5667,143.2,71.33,65,100,4.14,overcast clouds
564,Tyrma,RU,50.0833,132.1667,59.77,97,100,2.57,light rain
565,Hulan,CN,45.9833,126.6,64.74,83,99,5.75,moderate rain
566,Vanimo,PG,-2.6741,141.3028,76.17,88,94,4.61,overcast clouds
567,Asau,RO,46.4333,26.4,61.72,90,90,5.03,overcast clouds
568,Alta Floresta,BR,-9.8756,-56.0861,95.29,22,21,4.0,few clouds
569,Birjand,IR,32.8663,59.2211,76.26,21,1,7.31,clear sky
570,Mariel,CU,22.9875,-82.7536,89.26,67,69,6.6,light rain
571,Marsh Harbour,BS,26.5412,-77.0636,84.36,69,44,7.74,light rain
572,Korem,ET,12.5058,39.5228,56.66,85,100,2.24,moderate rain
573,Barentu,ER,15.1139,37.5928,75.0,68,100,2.91,overcast clouds
574,Moindou,NC,-21.6924,165.677,74.77,85,19,5.99,light rain
575,Khartoum,SD,15.5518,32.5324,88.02,57,100,8.95,overcast clouds
576,Ovalle,CL,-30.5983,-71.2003,53.49,90,100,4.29,overcast clouds
577,Okhotsk,RU,59.3833,143.3,58.59,89,41,5.41,scattered clouds
578,Carutapera,BR,-1.195,-46.02,77.68,91,68,8.34,broken clouds
579,Turukhansk,RU,65.8167,87.9833,44.87,71,81,6.22,broken clouds
580,Saint-Prosper,CA,46.2117,-70.4811,75.04,39,8,9.28,clear sky
581,Tamiahua,MX,21.2667,-97.45,88.83,59,7,13.53,clear sky
582,Kelvington,CA,52.1667,-103.5343,72.97,56,79,10.71,broken clouds
583,Dobrinka,RU,52.1653,40.4731,66.78,69,69,12.55,broken clouds
584,Lorengau,PG,-2.0226,147.2712,81.48,73,49,8.52,scattered clouds
585,Kodinsk,RU,58.6881,99.1844,59.65,99,100,3.38,moderate rain
586,Biu,NG,10.6129,12.1946,75.43,68,77,5.19,broken clouds
587,Cocoyoc,MX,18.8667,-98.9833,86.72,46,10,5.66,clear sky
588,Omsukchan,RU,62.5333,155.8,68.18,63,21,8.43,few clouds
589,Channel-Port Aux Basques,CA,47.5702,-59.1367,57.79,82,0,17.18,clear sky
590,Uvinza,TZ,-5.1036,30.3911,66.6,51,25,2.35,scattered clouds
591,Aklavik,CA,68.2191,-135.0107,71.19,47,79,8.46,broken clouds
592,Karibib,NA,-21.9333,15.8333,51.26,29,0,2.77,clear sky
593,Avera,US,33.194,-82.5271,87.31,55,89,7.14,overcast clouds
594,Mujiayingzi,CN,42.1167,118.7833,67.3,71,0,4.94,clear sky
595,Tonj,SS,7.2737,28.6822,73.38,80,98,4.79,overcast clouds
596,Bilibino,RU,68.0546,166.4372,43.74,75,65,2.53,broken clouds
597,Xinzhou,CN,38.4092,112.7333,64.45,89,71,1.81,broken clouds
598,Coquimbo,CL,-29.9533,-71.3436,58.73,77,75,10.36,broken clouds
599,Port Augusta,AU,-32.5,137.7667,43.9,59,58,10.96,broken clouds
600,Hit,IQ,33.6416,42.8251,91.38,17,0,14.12,clear sky
601,Kitgum,UG,3.2783,32.8867,66.58,88,83,4.05,broken clouds
602,Deqing,CN,30.5448,119.9599,86.95,80,100,2.3,overcast clouds
603,Rosetta,EG,31.4044,30.4164,76.48,72,0,9.78,clear sky
604,Usolye,RU,59.4268,56.6808,65.35,87,6,2.98,clear sky
605,Nador,MA,35.174,-2.9287,75.45,83,40,6.91,scattered clouds
606,Leeds,GB,53.7964,-1.5477,76.08,65,0,9.22,clear sky
607,Wageningen,NL,51.9667,5.6667,66.11,76,40,4.61,scattered clouds
608,Ossora,RU,59.2353,163.0719,63.97,70,2,2.71,clear sky
609,Sangar,RU,63.9242,127.4739,58.86,74,100,2.86,overcast clouds
610,Atar,MR,20.5169,-13.0499,103.68,10,0,8.66,clear sky
611,Limbourg,NL,51.25,6.0,68.34,64,15,1.01,few clouds
612,Vanavara,RU,60.34,102.2797,58.5,97,96,3.76,light rain
613,Dzilam Gonzalez,MX,21.2833,-88.9333,94.37,42,87,8.43,overcast clouds
614,Jasper,US,37.2001,-94.3502,94.68,40,0,9.22,clear sky
615,Totoral,PE,-17.4053,-70.365,68.02,33,26,8.86,scattered clouds
616,Aljezur,PT,37.3191,-8.8033,72.68,54,0,6.44,clear sky
617,Fuerte Olimpo,PY,-21.0415,-57.8738,96.42,25,54,13.02,broken clouds
618,Rio Grande,BR,-32.035,-52.0986,73.94,83,85,10.83,overcast clouds
619,Kenai,US,60.5544,-151.2583,68.02,80,0,9.22,clear sky
620,Sao Miguel Do Araguaia,BR,-13.275,-50.1628,89.26,22,0,7.31,clear sky
621,Meulaboh,ID,4.1363,96.1285,76.71,88,100,3.31,light rain
622,Sorong,ID,-0.8833,131.25,74.77,86,100,4.52,overcast clouds
623,Moyo,UG,3.6609,31.7247,66.61,78,32,1.16,scattered clouds
624,Santa Ana,US,33.7456,-117.8678,101.86,53,20,11.5,few clouds
625,Stokmarknes,NO,68.5646,14.9108,55.38,82,40,5.75,scattered clouds
626,San Carlos De Bariloche,AR,-41.1456,-71.3082,41.25,66,97,1.81,overcast clouds
627,Chivay,PE,-15.6383,-71.6011,58.08,31,100,11.43,overcast clouds
628,Launceston,AU,-41.45,147.1667,49.15,79,100,4.61,overcast clouds
629,Kopavogur,IS,64.1123,-21.913,52.02,89,100,7.81,overcast clouds
630,Tulun,RU,54.5611,100.5792,58.24,68,92,2.98,overcast clouds
631,Hare Bay,CA,48.8499,-54.0148,65.19,56,79,13.11,broken clouds
632,Niono,ML,14.2526,-5.993,94.8,36,88,7.29,light rain
633,Bonthe,SL,7.5264,-12.505,76.8,84,99,9.82,light rain
634,Riyadh,SA,24.6877,46.7219,95.14,8,100,8.08,overcast clouds
635,Rochegda,RU,62.8,43.25,62.42,85,88,5.57,light rain
636,Broome,US,42.2506,-75.833,81.61,39,0,4.61,clear sky
637,Honiara,SB,-9.4333,159.95,76.01,81,91,4.79,overcast clouds
638,Kinsale,IE,51.7075,-8.5306,63.77,82,20,9.22,few clouds
639,Yaan,NG,7.3833,8.5667,74.12,92,79,4.65,broken clouds
640,Melfi,IT,40.9965,15.6514,63.5,56,0,3.87,clear sky
641,Mandalgovi,MN,45.7625,106.2708,64.71,58,99,4.12,overcast clouds
642,Pringsewu,ID,-5.3582,104.9744,70.38,96,100,1.61,overcast clouds
643,Emerald,AU,-23.5333,148.1667,38.34,74,0,10.27,clear sky
644,Ewa Beach,US,21.3156,-158.0072,85.95,56,20,17.27,few clouds
645,Scarborough,GB,54.2797,-0.4044,67.57,75,97,10.0,overcast clouds
646,Betong,TH,5.7743,101.0723,71.64,98,100,0.11,light rain
647,Chara,RU,56.9064,118.2631,54.19,85,100,2.68,overcast clouds
648,Manger,NO,60.6414,5.0414,56.05,70,41,4.85,scattered clouds
649,Tahoua,NE,14.8888,5.2692,86.77,38,99,10.94,overcast clouds
650,Porto Santo,PT,33.072,-16.3415,68.38,83,75,20.71,broken clouds
651,Abrau-Dyurso,RU,44.69,37.59,72.86,85,94,5.17,overcast clouds
652,San Jose De Guanipa,VE,8.8872,-64.1651,82.96,60,71,15.08,broken clouds
653,Mehamn,NO,71.0357,27.8492,55.35,82,0,4.61,clear sky
654,Sosnovskoye,RU,55.8052,43.167,62.4,87,52,5.59,broken clouds
655,Shingu,JP,33.7333,135.9833,74.39,91,35,3.8,scattered clouds
656,Arzachena,IT,41.0769,9.3887,74.64,64,0,4.14,clear sky
657,Chernyshevskiy,RU,63.0128,112.4714,53.47,58,28,2.77,scattered clouds
658,Felanitx,ES,39.4696,3.1483,81.12,62,0,4.97,clear sky
659,Moranbah,AU,-22.0016,148.0466,43.48,63,0,7.9,clear sky
660,Obo,CF,5.3998,26.4869,66.83,98,100,3.96,overcast clouds
661,Anito,PH,12.4497,125.2886,77.59,92,100,5.46,moderate rain
662,Champerico,GT,14.3,-91.9167,91.94,71,6,8.93,clear sky
663,Zolotyy Potik,UA,48.9095,25.3393,54.0,91,100,12.21,overcast clouds
664,Bako,ET,5.7833,36.5667,66.47,58,93,3.76,overcast clouds
665,Sulangan,PH,11.1373,123.7228,83.01,78,99,10.56,light rain
666,Darhan,MN,49.4867,105.9228,55.85,92,100,10.16,heavy intensity rain
667,Almaznyy,RU,48.0448,40.045,76.35,52,100,5.77,overcast clouds
668,Tondano,ID,1.3038,124.9112,69.89,96,82,4.5,broken clouds
669,Mamit,IN,23.9333,92.4833,68.97,99,96,2.73,overcast clouds
670,Tautira,PF,-17.7333,-149.15,77.72,76,81,19.1,light rain
671,Port Macquarie,AU,-31.4333,152.9167,55.42,80,75,10.89,broken clouds
672,Bull Savanna,JM,17.8868,-77.5902,86.22,58,100,18.81,overcast clouds
673,Camopi,GF,3.1655,-52.3158,78.46,92,45,3.89,scattered clouds
674,Nosy Varika,MG,-20.5833,48.5333,67.69,74,52,5.14,broken clouds
675,Monte Carmelo,BR,-18.7247,-47.4986,74.57,38,5,7.07,clear sky
676,Taoudenni,ML,22.6783,-3.9836,106.14,7,2,9.06,clear sky
677,Samur,RU,41.8253,48.486,77.09,43,0,8.95,clear sky
678,Toktogul,KG,41.8708,72.9402,70.07,50,100,3.36,overcast clouds
679,Abonnema,NG,4.7084,6.7931,75.4,84,98,7.14,overcast clouds
680,Saint-Leu,RE,-21.15,55.2833,69.31,65,8,1.5,clear sky
681,Dzhebariki-Khaya,RU,62.2167,135.8,69.04,88,100,3.31,overcast clouds
682,Sembe,CG,1.6481,14.5806,71.1,91,89,2.71,overcast clouds
683,Vilhena,BR,-12.7406,-60.1458,89.96,27,27,4.47,scattered clouds
684,Mantua,IT,45.1667,10.7833,81.64,61,6,3.0,clear sky
685,Fougeres,FR,48.35,-1.2,76.86,43,65,11.74,broken clouds
686,Yumen,CN,40.2833,97.2,72.91,47,91,6.11,overcast clouds
687,Hengyang,CN,26.8881,112.615,80.29,85,12,4.36,few clouds
688,Ruteng,ID,-8.6136,120.4721,60.46,95,47,2.93,scattered clouds
689,Luancheng,CN,37.8792,114.6517,70.97,78,11,2.37,few clouds
690,Margate,GB,51.3813,1.3862,69.69,65,36,1.01,scattered clouds
691,Straumen,NO,63.8709,11.2999,53.6,74,62,5.23,broken clouds
692,Akdepe,TM,42.0551,59.3788,78.28,39,0,9.82,clear sky
693,Kapit,MY,2.0167,112.9333,71.85,99,89,0.98,overcast clouds
694,Abu Samrah,SY,35.3029,37.1841,73.2,64,0,13.76,clear sky
695,Bijar,IR,35.8668,47.6051,73.2,24,0,7.14,clear sky
696,Ferme-Neuve,CA,46.7001,-75.4493,78.98,37,100,8.16,overcast clouds
